"time_period","location","month","year","population","disease_cases","minimum_temperature","maximum_temperature","specific_surface_humidity","wind_speed","nino34_anomaly","periurban_landcover","urban_landcover"
"2010-01","Province_A",1,2010,8e+05,124,23.3,32.61,0.02121,4.92,0.006,0.22,0.12
"2010-02","Province_A",2,2010,8e+05,46,19.07,26.65,0.0195,5.06,0.199,0.22,0.12
"2010-03","Province_A",3,2010,8e+05,53,18.25,24.56,0.0175,4.36,0.606,0.22,0.12
"2010-04","Province_A",4,2010,8e+05,109,19.31,27.27,0.01286,3.91,0.343,0.22,0.12
"2010-05","Province_A",5,2010,8e+05,250,23.85,34.16,0.01582,3.08,0.614,0.22,0.12
"2010-06","Province_A",6,2010,8e+05,200,27.37,34.41,0.0219,2.12,0.721,0.22,0.12
"2010-07","Province_A",7,2010,8e+05,169,24.12,32.71,0.0219,2.15,0.84,0.22,0.12
"2010-08","Province_A",8,2010,8e+05,62,18.24,27.57,0.01864,1.82,0.462,0.22,0.12
"2010-09","Province_A",9,2010,8e+05,168,16.45,24.13,0.01534,3.09,1.181,0.22,0.12
"2010-10","Province_A",10,2010,8e+05,68,18.89,27.44,0.01449,3.32,0.625,0.22,0.12
"2010-11","Province_A",11,2010,8e+05,60,24.73,33.8,0.01562,5.22,0.741,0.22,0.12
"2010-12","Province_A",12,2010,8e+05,443,26.29,35.41,0.01944,4.14,1.214,0.22,0.12
"2011-01","Province_A",1,2011,804000,156,24.07,32.54,0.02166,4.81,1.188,0.22,0.12
"2011-02","Province_A",2,2011,804000,56,19.34,27.12,0.02009,5.13,0.466,0.22,0.12
"2011-03","Province_A",3,2011,804000,63,16.56,23.15,0.0176,4.45,0.511,0.22,0.12
"2011-04","Province_A",4,2011,804000,51,20.68,28.52,0.01391,3.26,0.332,0.22,0.12
"2011-05","Province_A",5,2011,804000,167,24.15,31.19,0.01708,2.35,0.747,0.22,0.12
"2011-06","Province_A",6,2011,804000,187,24.43,35.67,0.02063,2.26,0.684,0.22,0.12
"2011-07","Province_A",7,2011,804000,198,24.31,34.22,0.02189,1.99,0.675,0.22,0.12
"2011-08","Province_A",8,2011,804000,25,18.87,26.2,0.01847,1.48,0.653,0.22,0.12
"2011-09","Province_A",9,2011,804000,35,16.15,25.63,0.01548,2.76,0.219,0.22,0.12
"2011-10","Province_A",10,2011,804000,60,19.08,27.26,0.01351,3.58,0.008,0.22,0.12
"2011-11","Province_A",11,2011,804000,203,22.93,31.09,0.01605,4.32,0.515,0.22,0.12
"2011-12","Province_A",12,2011,804000,91,25.42,33.64,0.0213,4.38,0.33,0.22,0.12
"2012-01","Province_A",1,2012,808000,33,23.25,31.06,0.02429,5.19,-0.453,0.22,0.12
"2012-02","Province_A",2,2012,808000,71,17.9,27.02,0.02155,5.35,-0.133,0.22,0.12
"2012-03","Province_A",3,2012,808000,18,17.67,23.68,0.01587,4.43,-0.476,0.22,0.12
"2012-04","Province_A",4,2012,808000,21,19.37,28.12,0.01224,3.05,-0.927,0.22,0.12
"2012-05","Province_A",5,2012,808000,64,22.84,34.39,0.01561,2.58,-0.355,0.22,0.12
"2012-06","Province_A",6,2012,808000,70,27,33.84,0.02009,2.34,-0.511,0.22,0.12
"2012-07","Province_A",7,2012,808000,56,24.09,33.21,0.02285,1.74,-0.595,0.22,0.12
"2012-08","Province_A",8,2012,808000,64,19.01,28.19,0.02096,1.34,-0.57,0.22,0.12
"2012-09","Province_A",9,2012,808000,19,17.72,25.3,0.01668,3.1,-0.428,0.22,0.12
"2012-10","Province_A",10,2012,808000,29,19.95,26.59,0.0126,3.17,-0.677,0.22,0.12
"2012-11","Province_A",11,2012,808000,15,24.41,32.39,0.01685,4.02,-0.958,0.22,0.12
"2012-12","Province_A",12,2012,808000,76,26.55,34.75,0.01955,5.4,-1.014,0.22,0.12
"2013-01","Province_A",1,2013,812000,112,24.19,33.01,0.02217,4.69,-0.84,0.22,0.12
"2013-02","Province_A",2,2013,812000,16,19.2,27.16,0.02007,5.14,-0.7,0.22,0.12
"2013-03","Province_A",3,2013,812000,43,16.76,25.88,0.01643,3.75,-1.085,0.22,0.12
"2013-04","Province_A",4,2013,812000,20,18.95,27.16,0.01402,3.36,-0.794,0.22,0.12
"2013-05","Province_A",5,2013,812000,133,23.19,33.45,0.01433,2.72,-0.403,0.22,0.12
"2013-06","Province_A",6,2013,812000,78,25.83,34.06,0.02074,1.73,-0.667,0.22,0.12
"2013-07","Province_A",7,2013,812000,73,22.74,31.37,0.02239,1.75,-0.775,0.22,0.12
"2013-08","Province_A",8,2013,812000,51,20.99,30.42,0.01973,2.19,-0.57,0.22,0.12
"2013-09","Province_A",9,2013,812000,59,17.97,24.62,0.01612,3.02,-0.066,0.22,0.12
"2013-10","Province_A",10,2013,812000,34,18.35,27.77,0.01413,2.84,-0.141,0.22,0.12
"2013-11","Province_A",11,2013,812000,81,23.43,33.07,0.01622,4.11,0.164,0.22,0.12
"2013-12","Province_A",12,2013,812000,34,25.63,34.56,0.02164,5.1,-0.063,0.22,0.12
"2014-01","Province_A",1,2014,816000,7,24.37,32.97,0.02178,4.78,0.123,0.22,0.12
"2014-02","Province_A",2,2014,816000,73,19.18,27.83,0.02017,4.89,-0.063,0.22,0.12
"2014-03","Province_A",3,2014,816000,75,17.2,24.81,0.01717,4.45,0.389,0.22,0.12
"2014-04","Province_A",4,2014,816000,82,19.23,27.56,0.01505,3.61,0.154,0.22,0.12
"2014-05","Province_A",5,2014,816000,217,23.72,32.47,0.01715,3.01,-0.026,0.22,0.12
"2014-06","Province_A",6,2014,816000,113,27.09,36.92,0.01942,2.15,0.525,0.22,0.12
"2014-07","Province_A",7,2014,816000,211,23.57,31.83,0.024,1.83,1.149,0.22,0.12
"2014-08","Province_A",8,2014,816000,53,20.46,26.51,0.02007,1.14,0.875,0.22,0.12
"2014-09","Province_A",9,2014,816000,77,15.76,25.03,0.01787,2.71,1.042,0.22,0.12
"2014-10","Province_A",10,2014,816000,76,19.72,27.78,0.01265,3.67,0.847,0.22,0.12
"2014-11","Province_A",11,2014,816000,172,23.85,32.89,0.01602,4.46,0.59,0.22,0.12
"2014-12","Province_A",12,2014,816000,104,26.17,34.59,0.02125,4.58,0.732,0.22,0.12
"2015-01","Province_A",1,2015,820000,149,24.05,31.54,0.02128,5.71,0.718,0.22,0.12
"2015-02","Province_A",2,2015,820000,14,18.85,28.64,0.01925,4.91,0.653,0.22,0.12
"2015-03","Province_A",3,2015,820000,150,16.73,24.69,0.01506,4.3,0.984,0.22,0.12
"2015-04","Province_A",4,2015,820000,26,18.44,26.72,0.01295,4.01,0.38,0.22,0.12
"2015-05","Province_A",5,2015,820000,123,22.89,32.29,0.01556,2.46,0.953,0.22,0.12
"2015-06","Province_A",6,2015,820000,183,26.24,34.82,0.02033,2.02,0.894,0.22,0.12
"2015-07","Province_A",7,2015,820000,78,24.11,33.5,0.01999,2.96,0.206,0.22,0.12
"2015-08","Province_A",8,2015,820000,60,19.29,27.58,0.02021,2.21,0.679,0.22,0.12
"2015-09","Province_A",9,2015,820000,78,17.74,25.68,0.01724,3.4,1.129,0.22,0.12
"2015-10","Province_A",10,2015,820000,79,20.89,27.05,0.01604,2.92,0.139,0.22,0.12
"2015-11","Province_A",11,2015,820000,149,23.36,32.69,0.0173,4.17,0.461,0.22,0.12
"2015-12","Province_A",12,2015,820000,87,24.15,34.71,0.02076,4.95,-0.13,0.22,0.12
"2016-01","Province_A",1,2016,824000,44,24.55,32.59,0.02027,5.12,0.333,0.22,0.12
"2016-02","Province_A",2,2016,824000,38,18.68,26.69,0.0194,4.4,-0.029,0.22,0.12
"2016-03","Province_A",3,2016,824000,52,16.45,23.82,0.01565,4.26,0.289,0.22,0.12
"2016-04","Province_A",4,2016,824000,105,20.07,29.3,0.0147,3.07,-0.744,0.22,0.12
"2016-05","Province_A",5,2016,824000,35,23.52,33.04,0.01589,3.04,-0.415,0.22,0.12
"2016-06","Province_A",6,2016,824000,42,25.02,33.87,0.01874,2.63,-0.645,0.22,0.12
"2016-07","Province_A",7,2016,824000,70,23.9,31.95,0.02368,1.11,-0.625,0.22,0.12
"2016-08","Province_A",8,2016,824000,51,19.14,26.43,0.02091,2.7,-0.824,0.22,0.12
"2016-09","Province_A",9,2016,824000,15,17,26.98,0.01624,2.25,-0.943,0.22,0.12
"2016-10","Province_A",10,2016,824000,97,19.56,28.68,0.01522,3.68,-0.565,0.22,0.12
"2016-11","Province_A",11,2016,824000,11,23.45,32.26,0.01466,4.51,-1.099,0.22,0.12
"2016-12","Province_A",12,2016,824000,106,26.52,35.49,0.02066,4.72,-0.348,0.22,0.12
"2017-01","Province_A",1,2017,828000,126,23.57,32.13,0.02148,4.74,-1.156,0.22,0.12
"2017-02","Province_A",2,2017,828000,33,19.52,27.07,0.02068,4.87,-0.763,0.22,0.12
"2017-03","Province_A",3,2017,828000,22,17.88,24.29,0.01594,4.43,-0.613,0.22,0.12
"2017-04","Province_A",4,2017,828000,69,19.6,26.96,0.01463,3.85,-0.563,0.22,0.12
"2017-05","Province_A",5,2017,828000,97,23.49,33.99,0.01734,1.93,-0.783,0.22,0.12
"2017-06","Province_A",6,2017,828000,44,26.92,34.95,0.02001,1.55,-0.611,0.22,0.12
"2017-07","Province_A",7,2017,828000,90,24.54,32.61,0.02302,2.57,-0.277,0.22,0.12
"2017-08","Province_A",8,2017,828000,26,19.69,27.72,0.01881,2.62,-0.924,0.22,0.12
"2017-09","Province_A",9,2017,828000,25,17.19,26.11,0.01528,2.92,-0.635,0.22,0.12
"2017-10","Province_A",10,2017,828000,16,18.75,27.04,0.01552,3.79,-0.21,0.22,0.12
"2017-11","Province_A",11,2017,828000,18,24.84,31.61,0.01638,4.62,-0.34,0.22,0.12
"2017-12","Province_A",12,2017,828000,42,25.52,36.51,0.01795,3.73,0.307,0.22,0.12
"2018-01","Province_A",1,2018,832000,96,25.5,32.1,0.02064,5.44,0.202,0.22,0.12
"2018-02","Province_A",2,2018,832000,111,20.48,26.85,0.0198,4.61,0.126,0.22,0.12
"2018-03","Province_A",3,2018,832000,114,16.81,23.89,0.01687,4.34,-0.245,0.22,0.12
"2018-04","Province_A",4,2018,832000,98,18.43,26.34,0.0139,3.38,0.314,0.22,0.12
"2018-05","Province_A",5,2018,832000,94,23.18,31.98,0.01662,3.1,0.305,0.22,0.12
"2018-06","Province_A",6,2018,832000,105,26.21,35.56,0.02096,2.06,0.456,0.22,0.12
"2018-07","Province_A",7,2018,832000,40,23.55,33.5,0.02367,2.21,0.211,0.22,0.12
"2018-08","Province_A",8,2018,832000,26,18.97,28.14,0.02006,2.04,0.784,0.22,0.12
"2018-09","Province_A",9,2018,832000,38,16.24,24.67,0.01595,2.31,0.381,0.22,0.12
"2018-10","Province_A",10,2018,832000,58,19.21,27.55,0.01225,3.98,0.671,0.22,0.12
"2018-11","Province_A",11,2018,832000,55,23.12,31.87,0.0161,4.55,0.887,0.22,0.12
"2018-12","Province_A",12,2018,832000,30,24.67,34.35,0.01943,5.49,0.558,0.22,0.12
"2019-01","Province_A",1,2019,836000,87,23.45,33.3,0.02103,5.03,0.975,0.22,0.12
"2019-02","Province_A",2,2019,836000,59,19.99,26.59,0.01982,5.25,0.398,0.22,0.12
"2019-03","Province_A",3,2019,836000,139,16.54,26.76,0.01701,5.04,-0.07,0.22,0.12
"2019-04","Province_A",4,2019,836000,177,19.74,27.42,0.01201,3.39,0.879,0.22,0.12
"2019-05","Province_A",5,2019,836000,186,22.46,32.69,0.01557,2.22,0.945,0.22,0.12
"2019-06","Province_A",6,2019,836000,62,25.96,34.34,0.02012,2.11,0.549,0.22,0.12
"2019-07","Province_A",7,2019,836000,225,24.17,31.98,0.02111,1.91,0.717,0.22,0.12
"2019-08","Province_A",8,2019,836000,60,19.49,26.31,0.02033,2.26,0.14,0.22,0.12
"2019-09","Province_A",9,2019,836000,90,17.08,24.84,0.01641,3.43,0.362,0.22,0.12
"2019-10","Province_A",10,2019,836000,42,18.74,27.88,0.01397,3.37,-0.276,0.22,0.12
"2019-11","Province_A",11,2019,836000,74,23.07,32.79,0.01353,4.4,0.561,0.22,0.12
"2019-12","Province_A",12,2019,836000,33,25.18,34.3,0.02257,4.71,0.662,0.22,0.12
"2010-01","Province_B",1,2010,1200000,103,23.74,33.54,0.0219,5.03,0.092,0.16,0.08
"2010-02","Province_B",2,2010,1200000,57,18.79,28.03,0.02077,4.85,0.184,0.16,0.08
"2010-03","Province_B",3,2010,1200000,65,16.45,24.27,0.01542,4.38,0.36,0.16,0.08
"2010-04","Province_B",4,2010,1200000,19,18.67,27.55,0.01399,3.15,0.271,0.16,0.08
"2010-05","Province_B",5,2010,1200000,213,23.58,33.14,0.01422,2.73,0.678,0.16,0.08
"2010-06","Province_B",6,2010,1200000,263,27.09,35.5,0.01922,2.56,0.681,0.16,0.08
"2010-07","Province_B",7,2010,1200000,119,24.59,33.83,0.02213,1.7,0.521,0.16,0.08
"2010-08","Province_B",8,2010,1200000,36,18.96,26.95,0.01929,2.07,0.947,0.16,0.08
"2010-09","Province_B",9,2010,1200000,63,15.65,26,0.01596,2.29,0.781,0.16,0.08
"2010-10","Province_B",10,2010,1200000,33,18.57,28.43,0.01353,3.64,0.94,0.16,0.08
"2010-11","Province_B",11,2010,1200000,275,23.38,32.35,0.01661,4.42,0.594,0.16,0.08
"2010-12","Province_B",12,2010,1200000,165,26.08,34.12,0.02117,5.06,1.267,0.16,0.08
"2011-01","Province_B",1,2011,1206000,107,23.22,31.52,0.02118,4.51,0.799,0.16,0.08
"2011-02","Province_B",2,2011,1206000,68,20.86,27.91,0.01969,4.84,1.048,0.16,0.08
"2011-03","Province_B",3,2011,1206000,35,16.78,24.94,0.01744,3.87,0.743,0.16,0.08
"2011-04","Province_B",4,2011,1206000,94,18.28,29.1,0.0118,3.5,0.655,0.16,0.08
"2011-05","Province_B",5,2011,1206000,61,23.64,32.98,0.01568,3.29,0.928,0.16,0.08
"2011-06","Province_B",6,2011,1206000,24,25.2,34.67,0.02206,2,0.159,0.16,0.08
"2011-07","Province_B",7,2011,1206000,56,23.87,31.58,0.02419,2.29,0.709,0.16,0.08
"2011-08","Province_B",8,2011,1206000,45,19.44,26.98,0.02016,1.9,0.605,0.16,0.08
"2011-09","Province_B",9,2011,1206000,10,17.28,25.31,0.01514,2.56,-0.409,0.16,0.08
"2011-10","Province_B",10,2011,1206000,27,17.95,27.09,0.01417,3.68,0.417,0.16,0.08
"2011-11","Province_B",11,2011,1206000,50,23.93,32.96,0.01535,3.98,-0.443,0.16,0.08
"2011-12","Province_B",12,2011,1206000,61,26.25,34.7,0.02145,4.12,0.302,0.16,0.08
"2012-01","Province_B",1,2012,1212000,56,22.61,32.4,0.02119,5.51,-0.136,0.16,0.08
"2012-02","Province_B",2,2012,1212000,80,20.01,26.84,0.02037,4.94,-0.313,0.16,0.08
"2012-03","Province_B",3,2012,1212000,77,17.63,26.71,0.01662,4.02,-0.209,0.16,0.08
"2012-04","Province_B",4,2012,1212000,91,21.09,27.8,0.01324,2.7,0.106,0.16,0.08
"2012-05","Province_B",5,2012,1212000,31,23.88,32.71,0.01685,3.51,-0.591,0.16,0.08
"2012-06","Province_B",6,2012,1212000,49,26.04,33.48,0.01925,3.56,-0.32,0.16,0.08
"2012-07","Province_B",7,2012,1212000,91,23.83,33.09,0.02263,2.08,-0.463,0.16,0.08
"2012-08","Province_B",8,2012,1212000,23,19.31,26.58,0.0211,2.54,-0.989,0.16,0.08
"2012-09","Province_B",9,2012,1212000,34,15.52,24.2,0.01501,3.24,-1.215,0.16,0.08
"2012-10","Province_B",10,2012,1212000,47,17.91,28.33,0.01511,3.22,-1.337,0.16,0.08
"2012-11","Province_B",11,2012,1212000,124,23.69,32.09,0.01551,4.11,-0.607,0.16,0.08
"2012-12","Province_B",12,2012,1212000,97,25.54,33.43,0.02029,4.11,-0.804,0.16,0.08
"2013-01","Province_B",1,2013,1218000,31,23.79,34.09,0.0222,4.71,-0.245,0.16,0.08
"2013-02","Province_B",2,2013,1218000,18,17.56,25.36,0.01957,5.05,-0.621,0.16,0.08
"2013-03","Province_B",3,2013,1218000,76,15.8,25.52,0.01627,4.13,-0.518,0.16,0.08
"2013-04","Province_B",4,2013,1218000,21,18.37,28.42,0.01277,3.41,-0.339,0.16,0.08
"2013-05","Province_B",5,2013,1218000,62,24.54,31.93,0.01586,2.7,-0.843,0.16,0.08
"2013-06","Province_B",6,2013,1218000,50,25.12,35.4,0.02083,1.46,-0.482,0.16,0.08
"2013-07","Province_B",7,2013,1218000,73,23.11,32.9,0.01983,2.34,-0.305,0.16,0.08
"2013-08","Province_B",8,2013,1218000,84,19.31,28.44,0.01851,1.62,-0.076,0.16,0.08
"2013-09","Province_B",9,2013,1218000,14,16.74,25.44,0.01484,2.67,-0.171,0.16,0.08
"2013-10","Province_B",10,2013,1218000,43,19.37,27.28,0.01241,3.32,-0.18,0.16,0.08
"2013-11","Province_B",11,2013,1218000,153,25.59,33.32,0.01642,4.16,-0.468,0.16,0.08
"2013-12","Province_B",12,2013,1218000,136,25.1,35.72,0.01901,5.38,0.114,0.16,0.08
"2014-01","Province_B",1,2014,1224000,105,23.51,31.66,0.01984,4.77,0.15,0.16,0.08
"2014-02","Province_B",2,2014,1224000,69,18.84,26.24,0.01936,4.49,0.295,0.16,0.08
"2014-03","Province_B",3,2014,1224000,42,18.21,25.14,0.01561,3.64,0.334,0.16,0.08
"2014-04","Province_B",4,2014,1224000,56,18.63,27.25,0.01486,3.18,0.246,0.16,0.08
"2014-05","Province_B",5,2014,1224000,86,23.68,31.61,0.0149,2.28,0.377,0.16,0.08
"2014-06","Province_B",6,2014,1224000,75,26.63,35.08,0.02116,2.36,0.693,0.16,0.08
"2014-07","Province_B",7,2014,1224000,103,22.9,31.31,0.0224,1.65,0.617,0.16,0.08
"2014-08","Province_B",8,2014,1224000,16,20.57,27.65,0.02036,2.32,0.386,0.16,0.08
"2014-09","Province_B",9,2014,1224000,43,17.54,24.44,0.01515,2.69,0.606,0.16,0.08
"2014-10","Province_B",10,2014,1224000,116,18.39,28.36,0.01595,2.93,0.343,0.16,0.08
"2014-11","Province_B",11,2014,1224000,58,24.11,34.68,0.01584,3.93,0.483,0.16,0.08
"2014-12","Province_B",12,2014,1224000,109,25.83,34.18,0.01818,5.15,0.75,0.16,0.08
"2015-01","Province_B",1,2015,1230000,84,24,33.45,0.0218,5.36,0.261,0.16,0.08
"2015-02","Province_B",2,2015,1230000,66,19.18,28.24,0.01807,5.6,0.287,0.16,0.08
"2015-03","Province_B",3,2015,1230000,87,17.86,24.94,0.01569,4.25,1.104,0.16,0.08
"2015-04","Province_B",4,2015,1230000,72,18.17,27.09,0.01358,2.9,0.566,0.16,0.08
"2015-05","Province_B",5,2015,1230000,69,23.33,33.92,0.01668,2.44,0.137,0.16,0.08
"2015-06","Province_B",6,2015,1230000,79,25.8,33.2,0.02101,2.36,0.601,0.16,0.08
"2015-07","Province_B",7,2015,1230000,230,22.95,31.92,0.02127,2.76,0.962,0.16,0.08
"2015-08","Province_B",8,2015,1230000,134,18.42,26.21,0.02081,2.24,0.686,0.16,0.08
"2015-09","Province_B",9,2015,1230000,34,16.99,26.26,0.01742,3.21,0.532,0.16,0.08
"2015-10","Province_B",10,2015,1230000,57,19.14,27.33,0.01322,3.81,0.661,0.16,0.08
"2015-11","Province_B",11,2015,1230000,58,21.71,32.03,0.01535,3.78,-0.024,0.16,0.08
"2015-12","Province_B",12,2015,1230000,292,26.83,37.87,0.02065,4.73,0.323,0.16,0.08
"2016-01","Province_B",1,2016,1236000,35,23.95,32.45,0.02218,5.52,-0.176,0.16,0.08
"2016-02","Province_B",2,2016,1236000,72,21.18,27.1,0.02055,5.15,-0.104,0.16,0.08
"2016-03","Province_B",3,2016,1236000,18,17.55,25.27,0.0174,4.44,0.457,0.16,0.08
"2016-04","Province_B",4,2016,1236000,26,18.89,26.09,0.01439,3.69,-0.015,0.16,0.08
"2016-05","Province_B",5,2016,1236000,137,25.99,32.94,0.01705,2.55,-0.17,0.16,0.08
"2016-06","Province_B",6,2016,1236000,47,28.27,34.91,0.02062,1.67,-0.82,0.16,0.08
"2016-07","Province_B",7,2016,1236000,13,22.78,32.92,0.02243,2.52,-0.802,0.16,0.08
"2016-08","Province_B",8,2016,1236000,60,19.63,26.62,0.02039,1.63,0.051,0.16,0.08
"2016-09","Province_B",9,2016,1236000,9,16.83,24.08,0.01729,2.37,-1.021,0.16,0.08
"2016-10","Province_B",10,2016,1236000,56,19.4,26.88,0.013,3.75,-0.675,0.16,0.08
"2016-11","Province_B",11,2016,1236000,54,23.93,31.81,0.01489,3.75,-0.505,0.16,0.08
"2016-12","Province_B",12,2016,1236000,80,24.99,36.17,0.02059,4.58,-0.488,0.16,0.08
"2017-01","Province_B",1,2017,1242000,88,23.98,33.92,0.02188,4.53,-0.473,0.16,0.08
"2017-02","Province_B",2,2017,1242000,26,20.65,27.36,0.02007,5.05,-0.842,0.16,0.08
"2017-03","Province_B",3,2017,1242000,21,16.87,24.68,0.01674,4.43,-1.019,0.16,0.08
"2017-04","Province_B",4,2017,1242000,27,19.12,27.2,0.01475,3.67,-0.831,0.16,0.08
"2017-05","Province_B",5,2017,1242000,21,24.87,32.56,0.01574,2.93,-0.963,0.16,0.08
"2017-06","Province_B",6,2017,1242000,95,26.72,35.09,0.01969,2.42,-0.447,0.16,0.08
"2017-07","Province_B",7,2017,1242000,75,22.43,32.76,0.02207,2.26,-0.23,0.16,0.08
"2017-08","Province_B",8,2017,1242000,63,19.43,26.83,0.02106,1.41,0.151,0.16,0.08
"2017-09","Province_B",9,2017,1242000,22,18.32,24.24,0.01643,2.69,-0.29,0.16,0.08
"2017-10","Province_B",10,2017,1242000,41,20.38,28.58,0.01543,3.54,-0.569,0.16,0.08
"2017-11","Province_B",11,2017,1242000,71,24.09,32.01,0.01599,4.54,0.1,0.16,0.08
"2017-12","Province_B",12,2017,1242000,96,26.58,35.27,0.02113,4.32,0.167,0.16,0.08
"2018-01","Province_B",1,2018,1248000,70,22.79,32.45,0.02288,4.8,-0.071,0.16,0.08
"2018-02","Province_B",2,2018,1248000,86,19.49,26.64,0.02061,4.37,-0.363,0.16,0.08
"2018-03","Province_B",3,2018,1248000,68,16.24,25.53,0.01641,4.67,0.435,0.16,0.08
"2018-04","Province_B",4,2018,1248000,62,18.88,27.66,0.01372,4.01,0.645,0.16,0.08
"2018-05","Province_B",5,2018,1248000,106,24.5,33.76,0.01589,3.07,0.311,0.16,0.08
"2018-06","Province_B",6,2018,1248000,88,25.09,35.11,0.02023,1.71,0.648,0.16,0.08
"2018-07","Province_B",7,2018,1248000,71,23.96,32.2,0.02205,2.18,0.483,0.16,0.08
"2018-08","Province_B",8,2018,1248000,96,19.59,27.75,0.02094,2.66,0.839,0.16,0.08
"2018-09","Province_B",9,2018,1248000,20,17.04,23.93,0.01589,2.82,0.658,0.16,0.08
"2018-10","Province_B",10,2018,1248000,151,20.71,26.75,0.01393,3.27,0.636,0.16,0.08
"2018-11","Province_B",11,2018,1248000,158,22.93,32.96,0.01552,3.82,0.806,0.16,0.08
"2018-12","Province_B",12,2018,1248000,141,26.48,34.7,0.01986,4.53,0.708,0.16,0.08
"2019-01","Province_B",1,2019,1254000,102,23.68,32.44,0.02193,5.29,0.623,0.16,0.08
"2019-02","Province_B",2,2019,1254000,157,19.04,27.4,0.01769,4.63,0.698,0.16,0.08
"2019-03","Province_B",3,2019,1254000,60,17.37,24.41,0.01464,4.34,0.77,0.16,0.08
"2019-04","Province_B",4,2019,1254000,158,18.43,25.68,0.01393,4.02,0.801,0.16,0.08
"2019-05","Province_B",5,2019,1254000,147,22.7,32.81,0.01573,2.98,1.153,0.16,0.08
"2019-06","Province_B",6,2019,1254000,30,25.6,35.69,0.0188,2.75,0.227,0.16,0.08
"2019-07","Province_B",7,2019,1254000,124,25.15,31.34,0.02001,1.32,0.506,0.16,0.08
"2019-08","Province_B",8,2019,1254000,47,19.29,28.83,0.01965,2.09,0.676,0.16,0.08
"2019-09","Province_B",9,2019,1254000,178,17.27,25.35,0.01665,2.78,0.929,0.16,0.08
"2019-10","Province_B",10,2019,1254000,60,19.1,28.71,0.01577,3.73,0.434,0.16,0.08
"2019-11","Province_B",11,2019,1254000,111,24.13,31.64,0.01596,3.78,0.203,0.16,0.08
"2019-12","Province_B",12,2019,1254000,159,25.24,35.15,0.02149,5.12,0.012,0.16,0.08
"2010-01","Province_C",1,2010,6e+05,9,24.68,31.51,0.02188,4.59,-0.576,0.28,0.15
"2010-02","Province_C",2,2010,6e+05,59,20.58,28.33,0.01923,4.49,0.399,0.28,0.15
"2010-03","Province_C",3,2010,6e+05,16,17.16,25.22,0.01507,4.8,0.245,0.28,0.15
"2010-04","Province_C",4,2010,6e+05,34,18.78,26.84,0.01428,3.88,-0.029,0.28,0.15
"2010-05","Province_C",5,2010,6e+05,64,24.19,31.35,0.01736,2.99,0.749,0.28,0.15
"2010-06","Province_C",6,2010,6e+05,92,26.85,35.07,0.01921,2.65,0.674,0.28,0.15
"2010-07","Province_C",7,2010,6e+05,207,25.68,32.73,0.02162,1.83,0.788,0.28,0.15
"2010-08","Province_C",8,2010,6e+05,89,17.68,27.75,0.02033,2.5,0.567,0.28,0.15
"2010-09","Province_C",9,2010,6e+05,54,17.22,25.48,0.01545,2.83,0.566,0.28,0.15
"2010-10","Province_C",10,2010,6e+05,70,19.77,27.09,0.01412,3.08,0.71,0.28,0.15
"2010-11","Province_C",11,2010,6e+05,207,23.71,32.04,0.01595,3.92,0.894,0.28,0.15
"2010-12","Province_C",12,2010,6e+05,279,24.75,35.21,0.01922,4.82,1.033,0.28,0.15
"2011-01","Province_C",1,2011,603000,82,24.34,32.01,0.02283,5.08,1.277,0.28,0.15
"2011-02","Province_C",2,2011,603000,77,18.63,28.6,0.02085,4.67,0.64,0.28,0.15
"2011-03","Province_C",3,2011,603000,19,17.4,25.16,0.01702,3.85,0.468,0.28,0.15
"2011-04","Province_C",4,2011,603000,71,19.98,26.95,0.01527,2.66,0.769,0.28,0.15
"2011-05","Province_C",5,2011,603000,216,24.78,30.87,0.01549,2.92,1.599,0.28,0.15
"2011-06","Province_C",6,2011,603000,132,24.75,34.42,0.01954,2.08,0.506,0.28,0.15
"2011-07","Province_C",7,2011,603000,101,24.62,34.34,0.02226,2.22,0.909,0.28,0.15
"2011-08","Province_C",8,2011,603000,62,18.64,27,0.02063,1.58,0.414,0.28,0.15
"2011-09","Province_C",9,2011,603000,61,15.97,24.25,0.01566,2.25,0.256,0.28,0.15
"2011-10","Province_C",10,2011,603000,170,20.3,28.09,0.01358,3.46,0.093,0.28,0.15
"2011-11","Province_C",11,2011,603000,149,24.67,32.9,0.01538,3.68,0.144,0.28,0.15
"2011-12","Province_C",12,2011,603000,78,25.81,35.68,0.02148,4.01,0.597,0.28,0.15
"2012-01","Province_C",1,2012,606000,43,24.36,32.25,0.01949,5.31,0.091,0.28,0.15
"2012-02","Province_C",2,2012,606000,71,18.56,28.51,0.01983,5.16,0.042,0.28,0.15
"2012-03","Province_C",3,2012,606000,97,16.88,23.94,0.01604,3.84,0.045,0.28,0.15
"2012-04","Province_C",4,2012,606000,83,19.18,27.46,0.01294,3.39,0.315,0.28,0.15
"2012-05","Province_C",5,2012,606000,98,23.53,31.87,0.01639,2.3,-0.167,0.28,0.15
"2012-06","Province_C",6,2012,606000,61,26.59,35.61,0.01803,2.33,-0.915,0.28,0.15
"2012-07","Province_C",7,2012,606000,41,24.98,32.62,0.02295,1.99,-0.876,0.28,0.15
"2012-08","Province_C",8,2012,606000,13,18.89,28.5,0.01834,1.85,-1.112,0.28,0.15
"2012-09","Province_C",9,2012,606000,23,16.97,26.85,0.0138,2.44,-1.547,0.28,0.15
"2012-10","Province_C",10,2012,606000,21,20.56,27.63,0.01324,3.08,-0.352,0.28,0.15
"2012-11","Province_C",11,2012,606000,8,23.49,32.02,0.01616,4.42,-0.921,0.28,0.15
"2012-12","Province_C",12,2012,606000,23,23.92,34.26,0.01935,5.03,-0.675,0.28,0.15
"2013-01","Province_C",1,2013,609000,97,24.16,32.26,0.02144,5.15,-0.446,0.28,0.15
"2013-02","Province_C",2,2013,609000,13,18.54,27.44,0.02033,4.46,-0.947,0.28,0.15
"2013-03","Province_C",3,2013,609000,51,16.2,26.79,0.01494,3.54,-0.813,0.28,0.15
"2013-04","Province_C",4,2013,609000,12,20.39,26.48,0.01391,3.71,-0.634,0.28,0.15
"2013-05","Province_C",5,2013,609000,71,25.71,31.52,0.0165,2.68,-0.625,0.28,0.15
"2013-06","Province_C",6,2013,609000,33,25.17,34.63,0.02163,2.19,-0.867,0.28,0.15
"2013-07","Province_C",7,2013,609000,75,24.57,33.03,0.02248,2.41,-0.346,0.28,0.15
"2013-08","Province_C",8,2013,609000,65,19.17,28.24,0.02171,1.84,-0.323,0.28,0.15
"2013-09","Province_C",9,2013,609000,22,17.11,24.18,0.01645,3.21,-0.487,0.28,0.15
"2013-10","Province_C",10,2013,609000,45,20.23,27.61,0.014,3.33,-0.673,0.28,0.15
"2013-11","Province_C",11,2013,609000,16,23.92,32.46,0.01374,3.96,-0.017,0.28,0.15
"2013-12","Province_C",12,2013,609000,84,25.32,36.08,0.01878,4.72,0.324,0.28,0.15
"2014-01","Province_C",1,2014,612000,87,23.37,33.48,0.02168,5.16,0.414,0.28,0.15
"2014-02","Province_C",2,2014,612000,117,19.8,27.22,0.02071,4.72,0.366,0.28,0.15
"2014-03","Province_C",3,2014,612000,102,15.13,25.04,0.01568,3.89,0.062,0.28,0.15
"2014-04","Province_C",4,2014,612000,31,20.13,28.09,0.01454,3.39,0.147,0.28,0.15
"2014-05","Province_C",5,2014,612000,24,22.5,31.01,0.01494,1.73,0.224,0.28,0.15
"2014-06","Province_C",6,2014,612000,79,26.02,34.72,0.01973,2,0.363,0.28,0.15
"2014-07","Province_C",7,2014,612000,51,23.6,33.02,0.02222,2.18,0.778,0.28,0.15
"2014-08","Province_C",8,2014,612000,72,20.28,27.03,0.01964,2.13,0.712,0.28,0.15
"2014-09","Province_C",9,2014,612000,47,17.15,24.95,0.01611,3.03,0.136,0.28,0.15
"2014-10","Province_C",10,2014,612000,40,19.33,27.48,0.01333,3.69,0.181,0.28,0.15
"2014-11","Province_C",11,2014,612000,100,24.31,31.85,0.01637,4.51,0.766,0.28,0.15
"2014-12","Province_C",12,2014,612000,131,25.34,34.1,0.01992,5.06,0.838,0.28,0.15
"2015-01","Province_C",1,2015,615000,73,23.59,32.32,0.02195,4.3,0.108,0.28,0.15
"2015-02","Province_C",2,2015,615000,46,20.19,27.19,0.01805,4.8,0.548,0.28,0.15
"2015-03","Province_C",3,2015,615000,61,17.55,25.75,0.01533,4.9,0.781,0.28,0.15
"2015-04","Province_C",4,2015,615000,140,18.23,28.88,0.01251,3.31,1.178,0.28,0.15
"2015-05","Province_C",5,2015,615000,49,24.26,32.49,0.01439,2.93,0.089,0.28,0.15
"2015-06","Province_C",6,2015,615000,78,24.9,35.36,0.01951,2.26,0.258,0.28,0.15
"2015-07","Province_C",7,2015,615000,23,23.27,32.44,0.02184,2.22,0.242,0.28,0.15
"2015-08","Province_C",8,2015,615000,38,20.22,28.04,0.02028,2.09,0.54,0.28,0.15
"2015-09","Province_C",9,2015,615000,21,15.2,25.2,0.01709,2.49,0.499,0.28,0.15
"2015-10","Province_C",10,2015,615000,92,17.83,27.71,0.01444,3.53,0.21,0.28,0.15
"2015-11","Province_C",11,2015,615000,103,24.79,33.5,0.01701,4.33,-0.277,0.28,0.15
"2015-12","Province_C",12,2015,615000,223,25.35,34.11,0.01947,4.72,-0.085,0.28,0.15
"2016-01","Province_C",1,2016,618000,42,24.74,33.8,0.02169,5.01,-0.168,0.28,0.15
"2016-02","Province_C",2,2016,618000,31,19.12,27.81,0.02109,4.96,-0.165,0.28,0.15
"2016-03","Province_C",3,2016,618000,43,17.34,25.16,0.016,3.94,0.28,0.28,0.15
"2016-04","Province_C",4,2016,618000,39,19.9,27,0.01232,3.96,-0.509,0.28,0.15
"2016-05","Province_C",5,2016,618000,140,23.23,32.35,0.01515,3.63,-0.377,0.28,0.15
"2016-06","Province_C",6,2016,618000,55,25.76,35.34,0.02101,2.79,-0.699,0.28,0.15
"2016-07","Province_C",7,2016,618000,66,23.42,30.64,0.02139,1.82,-0.938,0.28,0.15
"2016-08","Province_C",8,2016,618000,29,21.5,26.96,0.02033,1.47,-0.444,0.28,0.15
"2016-09","Province_C",9,2016,618000,57,17.1,25.53,0.01601,2.77,-1.008,0.28,0.15
"2016-10","Province_C",10,2016,618000,67,19.63,27.23,0.0135,3.85,0.081,0.28,0.15
"2016-11","Province_C",11,2016,618000,60,23.48,31.78,0.01565,4.56,-0.745,0.28,0.15
"2016-12","Province_C",12,2016,618000,103,25.81,34.43,0.02039,4.31,-0.775,0.28,0.15
"2017-01","Province_C",1,2017,621000,33,24.85,32.71,0.02221,4.55,-0.82,0.28,0.15
"2017-02","Province_C",2,2017,621000,51,18.98,26.03,0.02123,4.85,-0.24,0.28,0.15
"2017-03","Province_C",3,2017,621000,33,17.02,25.78,0.0158,4.5,-0.574,0.28,0.15
"2017-04","Province_C",4,2017,621000,12,19.55,25.55,0.01308,3.85,-0.814,0.28,0.15
"2017-05","Province_C",5,2017,621000,10,23.4,32.05,0.01617,3.08,-1.043,0.28,0.15
"2017-06","Province_C",6,2017,621000,94,27.57,34.29,0.02071,1.81,-0.946,0.28,0.15
"2017-07","Province_C",7,2017,621000,31,22.61,31.38,0.02428,1.47,-0.801,0.28,0.15
"2017-08","Province_C",8,2017,621000,34,20.86,26.53,0.01954,1.4,-0.123,0.28,0.15
"2017-09","Province_C",9,2017,621000,55,16.72,25.23,0.01567,2.95,-0.457,0.28,0.15
"2017-10","Province_C",10,2017,621000,93,20.34,27.39,0.01488,3.83,-0.533,0.28,0.15
"2017-11","Province_C",11,2017,621000,52,22.15,32.23,0.01728,4.38,0.031,0.28,0.15
"2017-12","Province_C",12,2017,621000,72,26.76,32.91,0.01934,4.38,0.299,0.28,0.15
"2018-01","Province_C",1,2018,624000,39,24.45,31.31,0.02266,5.63,-0.208,0.28,0.15
"2018-02","Province_C",2,2018,624000,37,18.23,27.38,0.01943,4.65,-0.029,0.28,0.15
"2018-03","Province_C",3,2018,624000,36,16.39,24.21,0.01504,4.96,0.311,0.28,0.15
"2018-04","Province_C",4,2018,624000,43,19.4,26.78,0.01462,3.72,0.305,0.28,0.15
"2018-05","Province_C",5,2018,624000,125,24.67,33.44,0.01611,3.23,0.522,0.28,0.15
"2018-06","Province_C",6,2018,624000,156,25.39,35.16,0.02039,2.33,1.001,0.28,0.15
"2018-07","Province_C",7,2018,624000,206,23.57,31.56,0.02142,1.97,0.548,0.28,0.15
"2018-08","Province_C",8,2018,624000,64,20.51,27.08,0.02179,1.8,0.55,0.28,0.15
"2018-09","Province_C",9,2018,624000,45,16.1,24.74,0.01667,2.53,0.838,0.28,0.15
"2018-10","Province_C",10,2018,624000,41,20.01,26.89,0.01363,3.48,0.724,0.28,0.15
"2018-11","Province_C",11,2018,624000,80,24.11,31.63,0.0167,4.36,0.961,0.28,0.15
"2018-12","Province_C",12,2018,624000,40,25.12,34.95,0.01879,4.79,0.726,0.28,0.15
"2019-01","Province_C",1,2019,627000,178,23.22,33.17,0.02186,4.93,0.933,0.28,0.15
"2019-02","Province_C",2,2019,627000,58,19.88,27.7,0.0214,4.87,0.324,0.28,0.15
"2019-03","Province_C",3,2019,627000,61,17.2,24.82,0.01581,4.04,0.777,0.28,0.15
"2019-04","Province_C",4,2019,627000,58,20.39,27.85,0.01491,3.29,0.584,0.28,0.15
"2019-05","Province_C",5,2019,627000,94,23.27,33.21,0.01578,2.17,0.336,0.28,0.15
"2019-06","Province_C",6,2019,627000,37,24.63,34.87,0.0177,2.54,0.511,0.28,0.15
"2019-07","Province_C",7,2019,627000,73,24.59,32.91,0.02112,2.02,0.677,0.28,0.15
"2019-08","Province_C",8,2019,627000,58,18.76,26.47,0.02022,2.17,0.515,0.28,0.15
"2019-09","Province_C",9,2019,627000,54,17.1,24.78,0.01745,2.45,0.608,0.28,0.15
"2019-10","Province_C",10,2019,627000,4,20.63,27.12,0.01341,3.4,0.588,0.28,0.15
"2019-11","Province_C",11,2019,627000,95,23.55,32.68,0.01628,3.82,0.456,0.28,0.15
"2019-12","Province_C",12,2019,627000,207,27.24,35.32,0.01904,4.38,0.007,0.28,0.15
"2010-01","Province_D",1,2010,9e+05,41,22.83,32.42,0.02272,4.88,-0.449,0.18,0.07
"2010-02","Province_D",2,2010,9e+05,48,19.15,28.35,0.01967,4.79,0.104,0.18,0.07
"2010-03","Province_D",3,2010,9e+05,12,16.51,25.26,0.01465,4.61,-0.013,0.18,0.07
"2010-04","Province_D",4,2010,9e+05,32,19.36,27.35,0.01457,3.2,0.243,0.18,0.07
"2010-05","Province_D",5,2010,9e+05,67,22.41,32.52,0.01519,2.54,0.421,0.18,0.07
"2010-06","Province_D",6,2010,9e+05,121,25.2,34.8,0.02098,1.95,0.474,0.18,0.07
"2010-07","Province_D",7,2010,9e+05,263,24.98,32.51,0.02303,1.48,0.942,0.18,0.07
"2010-08","Province_D",8,2010,9e+05,42,19.43,25.69,0.01932,2.61,1.07,0.18,0.07
"2010-09","Province_D",9,2010,9e+05,89,15.92,24.41,0.0144,2.7,0.802,0.18,0.07
"2010-10","Province_D",10,2010,9e+05,168,18.35,27.88,0.0152,3.24,0.966,0.18,0.07
"2010-11","Province_D",11,2010,9e+05,22,23.41,32.77,0.01768,4.49,0.561,0.18,0.07
"2010-12","Province_D",12,2010,9e+05,159,25.32,35.41,0.02078,4.44,0.706,0.18,0.07
"2011-01","Province_D",1,2011,904500,213,22.63,33.39,0.02137,4.56,1.066,0.18,0.07
"2011-02","Province_D",2,2011,904500,158,20.11,27.56,0.01925,4.56,1.421,0.18,0.07
"2011-03","Province_D",3,2011,904500,115,17.21,24.85,0.01659,4.26,1.053,0.18,0.07
"2011-04","Province_D",4,2011,904500,12,19.78,26.37,0.01505,3.15,0.814,0.18,0.07
"2011-05","Province_D",5,2011,904500,81,23.1,34.02,0.01614,3.01,0.923,0.18,0.07
"2011-06","Province_D",6,2011,904500,132,25.87,34.7,0.01942,1.7,0.973,0.18,0.07
"2011-07","Province_D",7,2011,904500,111,22.28,32.35,0.02371,2.1,0.867,0.18,0.07
"2011-08","Province_D",8,2011,904500,83,19.33,28.08,0.01989,2.48,0.396,0.18,0.07
"2011-09","Province_D",9,2011,904500,108,17.33,24.98,0.01602,2.21,0.431,0.18,0.07
"2011-10","Province_D",10,2011,904500,76,20.11,27.65,0.01509,2.68,-0.162,0.18,0.07
"2011-11","Province_D",11,2011,904500,120,23.51,31.1,0.0159,4.91,-0.056,0.18,0.07
"2011-12","Province_D",12,2011,904500,19,25.36,35.84,0.02152,4.53,-0.293,0.18,0.07
"2012-01","Province_D",1,2012,909000,36,23.65,31.79,0.02175,4.84,-0.037,0.18,0.07
"2012-02","Province_D",2,2012,909000,77,20.11,26.53,0.02053,5.22,-0.197,0.18,0.07
"2012-03","Province_D",3,2012,909000,48,17.11,25.68,0.01546,4.57,-0.046,0.18,0.07
"2012-04","Province_D",4,2012,909000,42,19.3,28.35,0.014,3.32,-0.113,0.18,0.07
"2012-05","Province_D",5,2012,909000,23,23.75,32.22,0.01676,2.11,-0.647,0.18,0.07
"2012-06","Province_D",6,2012,909000,30,26.01,34.5,0.02019,2.01,-0.66,0.18,0.07
"2012-07","Province_D",7,2012,909000,43,23.74,32.38,0.02204,2.12,-0.524,0.18,0.07
"2012-08","Province_D",8,2012,909000,29,19.27,27.99,0.01813,2.64,-0.626,0.18,0.07
"2012-09","Province_D",9,2012,909000,19,15.85,26.2,0.01634,3.17,-0.569,0.18,0.07
"2012-10","Province_D",10,2012,909000,13,20.14,28.31,0.01633,3.65,-1.084,0.18,0.07
"2012-11","Province_D",11,2012,909000,58,23.94,34.06,0.01675,4.03,-0.975,0.18,0.07
"2012-12","Province_D",12,2012,909000,50,26.56,33.99,0.02276,5.77,-0.627,0.18,0.07
"2013-01","Province_D",1,2013,913500,24,25.24,31.54,0.02384,5.11,-0.6,0.18,0.07
"2013-02","Province_D",2,2013,913500,17,19.4,27.87,0.02068,5.71,-0.839,0.18,0.07
"2013-03","Province_D",3,2013,913500,40,16.47,25.01,0.01695,4.27,-0.327,0.18,0.07
"2013-04","Province_D",4,2013,913500,91,19.06,26.82,0.01148,3.39,-0.229,0.18,0.07
"2013-05","Province_D",5,2013,913500,6,23.44,31.97,0.01744,3.32,-0.913,0.18,0.07
"2013-06","Province_D",6,2013,913500,83,24.5,36.16,0.02034,2.61,-0.38,0.18,0.07
"2013-07","Province_D",7,2013,913500,14,23.41,31.51,0.02368,2.13,-0.263,0.18,0.07
"2013-08","Province_D",8,2013,913500,50,17.65,26.26,0.0192,1.63,-0.472,0.18,0.07
"2013-09","Province_D",9,2013,913500,10,17.62,23.59,0.01642,2.04,-0.361,0.18,0.07
"2013-10","Province_D",10,2013,913500,85,17.94,27.5,0.01419,3.73,0.248,0.18,0.07
"2013-11","Province_D",11,2013,913500,20,24.32,33.54,0.01754,4.15,0.059,0.18,0.07
"2013-12","Province_D",12,2013,913500,152,25.81,36.16,0.01943,5.13,-0.085,0.18,0.07
"2014-01","Province_D",1,2014,918000,40,23.73,33.66,0.02191,5.27,0.171,0.18,0.07
"2014-02","Province_D",2,2014,918000,74,19.92,27.27,0.01917,4.5,0.005,0.18,0.07
"2014-03","Province_D",3,2014,918000,38,18.22,25.07,0.0158,3.6,0.474,0.18,0.07
"2014-04","Province_D",4,2014,918000,36,19.12,28.02,0.01433,4.24,0.524,0.18,0.07
"2014-05","Province_D",5,2014,918000,60,23.48,33.41,0.01595,2.98,1.234,0.18,0.07
"2014-06","Province_D",6,2014,918000,42,26.36,33.87,0.01955,3.13,0.396,0.18,0.07
"2014-07","Province_D",7,2014,918000,212,24.2,32.93,0.02328,2.21,0.473,0.18,0.07
"2014-08","Province_D",8,2014,918000,61,19.59,28.15,0.01973,2.15,0.072,0.18,0.07
"2014-09","Province_D",9,2014,918000,145,18.04,26.37,0.01438,2.93,1.003,0.18,0.07
"2014-10","Province_D",10,2014,918000,45,20.66,27.12,0.01313,3.54,0.739,0.18,0.07
"2014-11","Province_D",11,2014,918000,95,23.61,34.14,0.01584,3.43,0.446,0.18,0.07
"2014-12","Province_D",12,2014,918000,103,25.2,34.33,0.01854,5.22,0.55,0.18,0.07
"2015-01","Province_D",1,2015,922500,73,24.95,32.15,0.02179,4.74,0.772,0.18,0.07
"2015-02","Province_D",2,2015,922500,40,19.57,29.12,0.01991,4.72,0.647,0.18,0.07
"2015-03","Province_D",3,2015,922500,11,16.46,25.41,0.01468,4.38,0.58,0.18,0.07
"2015-04","Province_D",4,2015,922500,58,18.22,26.94,0.01406,3.52,0.338,0.18,0.07
"2015-05","Province_D",5,2015,922500,50,23.99,32.19,0.01604,2.94,0.46,0.18,0.07
"2015-06","Province_D",6,2015,922500,271,25.32,35.05,0.02094,2.09,0.652,0.18,0.07
"2015-07","Province_D",7,2015,922500,148,23.57,32.5,0.02205,1.22,0.271,0.18,0.07
"2015-08","Province_D",8,2015,922500,87,17.88,26.85,0.01955,2.39,0.235,0.18,0.07
"2015-09","Province_D",9,2015,922500,32,17.47,26.12,0.01639,2.43,-0.001,0.18,0.07
"2015-10","Province_D",10,2015,922500,40,20.91,28.24,0.01454,3.69,-0.095,0.18,0.07
"2015-11","Province_D",11,2015,922500,84,23.77,31.31,0.01559,4.17,-0.045,0.18,0.07
"2015-12","Province_D",12,2015,922500,17,25.58,34.89,0.01938,4.7,0.226,0.18,0.07
"2016-01","Province_D",1,2016,927000,107,23.88,31.64,0.02168,5.41,0.02,0.18,0.07
"2016-02","Province_D",2,2016,927000,46,20.51,26.78,0.01925,4.99,-0.248,0.18,0.07
"2016-03","Province_D",3,2016,927000,17,16.68,25.19,0.01482,4.29,0.157,0.18,0.07
"2016-04","Province_D",4,2016,927000,36,18.19,26.89,0.0145,3.6,-0.477,0.18,0.07
"2016-05","Province_D",5,2016,927000,93,23.33,31.8,0.01575,3.23,-0.276,0.18,0.07
"2016-06","Province_D",6,2016,927000,64,25.03,34.6,0.02007,2.61,-0.387,0.18,0.07
"2016-07","Province_D",7,2016,927000,29,23.16,34.03,0.02414,1.39,-0.231,0.18,0.07
"2016-08","Province_D",8,2016,927000,30,19.07,29.29,0.01998,2.62,-0.317,0.18,0.07
"2016-09","Province_D",9,2016,927000,14,18.18,25.57,0.01501,3.21,-0.412,0.18,0.07
"2016-10","Province_D",10,2016,927000,13,19.76,26.97,0.01346,3.37,-0.978,0.18,0.07
"2016-11","Province_D",11,2016,927000,147,23.34,31.83,0.01594,4.22,-0.732,0.18,0.07
"2016-12","Province_D",12,2016,927000,34,25.76,34.64,0.01982,5.15,-0.976,0.18,0.07
"2017-01","Province_D",1,2017,931500,53,23.82,31.75,0.02041,5.26,-1.24,0.18,0.07
"2017-02","Province_D",2,2017,931500,31,18.81,28.04,0.02015,5.28,-0.698,0.18,0.07
"2017-03","Province_D",3,2017,931500,16,16.75,24.6,0.0163,4.32,-0.667,0.18,0.07
"2017-04","Province_D",4,2017,931500,16,18.51,25.22,0.01405,3.06,-1.137,0.18,0.07
"2017-05","Province_D",5,2017,931500,24,23.7,31.44,0.01409,2.39,-0.197,0.18,0.07
"2017-06","Province_D",6,2017,931500,34,26.8,36.78,0.02064,1.95,-0.936,0.18,0.07
"2017-07","Province_D",7,2017,931500,103,24.23,33.58,0.02283,1.36,-0.261,0.18,0.07
"2017-08","Province_D",8,2017,931500,4,19.42,27.51,0.02028,1.82,-0.345,0.18,0.07
"2017-09","Province_D",9,2017,931500,13,18.16,24.99,0.01665,2.84,-0.709,0.18,0.07
"2017-10","Province_D",10,2017,931500,45,20.51,27.52,0.01276,3.72,-0.026,0.18,0.07
"2017-11","Province_D",11,2017,931500,118,21.4,32.61,0.01679,4.46,-0.248,0.18,0.07
"2017-12","Province_D",12,2017,931500,120,26.52,35.09,0.01992,5.31,-0.53,0.18,0.07
"2018-01","Province_D",1,2018,936000,72,23.76,31.88,0.02198,4.72,-0.227,0.18,0.07
"2018-02","Province_D",2,2018,936000,14,18.01,26.36,0.02168,5.01,0.156,0.18,0.07
"2018-03","Province_D",3,2018,936000,115,19.02,23.83,0.01571,4.45,0.073,0.18,0.07
"2018-04","Province_D",4,2018,936000,61,19.29,26.55,0.01503,2.7,0.098,0.18,0.07
"2018-05","Province_D",5,2018,936000,140,23.26,32.31,0.01399,2.95,0.531,0.18,0.07
"2018-06","Province_D",6,2018,936000,82,26.47,35.19,0.01959,2.05,0.443,0.18,0.07
"2018-07","Province_D",7,2018,936000,83,24.71,33.17,0.02216,1.98,0.612,0.18,0.07
"2018-08","Province_D",8,2018,936000,9,19.1,28.17,0.01846,2.34,0.683,0.18,0.07
"2018-09","Province_D",9,2018,936000,94,16.9,25.3,0.01698,2.78,1.173,0.18,0.07
"2018-10","Province_D",10,2018,936000,93,19.95,27.96,0.01586,3.49,0.605,0.18,0.07
"2018-11","Province_D",11,2018,936000,234,23.86,31.98,0.01538,4.36,0.908,0.18,0.07
"2018-12","Province_D",12,2018,936000,232,26.49,34.83,0.02038,4.4,0.028,0.18,0.07
"2019-01","Province_D",1,2019,940500,241,23.65,32.34,0.0208,4.77,0.613,0.18,0.07
"2019-02","Province_D",2,2019,940500,32,18.7,27.85,0.02204,5.12,0.78,0.18,0.07
"2019-03","Province_D",3,2019,940500,57,16.4,24.34,0.01676,4.26,0.66,0.18,0.07
"2019-04","Province_D",4,2019,940500,70,20.29,28.6,0.01355,4.22,0.73,0.18,0.07
"2019-05","Province_D",5,2019,940500,105,23.92,32.03,0.01508,3.23,0.51,0.18,0.07
"2019-06","Province_D",6,2019,940500,224,27.27,34.92,0.01981,2.4,0.826,0.18,0.07
"2019-07","Province_D",7,2019,940500,113,25.07,31.1,0.02178,1.77,0.323,0.18,0.07
"2019-08","Province_D",8,2019,940500,71,18.73,27.44,0.0204,2.28,0.506,0.18,0.07
"2019-09","Province_D",9,2019,940500,37,16.98,25.87,0.01498,2.61,-0.011,0.18,0.07
"2019-10","Province_D",10,2019,940500,21,20.46,27.74,0.01402,4.06,0.022,0.18,0.07
"2019-11","Province_D",11,2019,940500,171,23.63,32.56,0.01322,5.23,0.381,0.18,0.07
"2019-12","Province_D",12,2019,940500,102,26.43,35.27,0.0212,5.26,0.087,0.18,0.07
"2010-01","Province_E",1,2010,5e+05,12,23.72,30.73,0.02155,4.8,0.029,0.2,0.1
"2010-02","Province_E",2,2010,5e+05,27,18.76,26.97,0.02067,4.73,-0.03,0.2,0.1
"2010-03","Province_E",3,2010,5e+05,9,17.63,23.71,0.0179,4.26,0.625,0.2,0.1
"2010-04","Province_E",4,2010,5e+05,22,18.48,27.5,0.01393,3.76,0.678,0.2,0.1
"2010-05","Province_E",5,2010,5e+05,25,23.73,32.48,0.01672,2.83,0.543,0.2,0.1
"2010-06","Province_E",6,2010,5e+05,21,25.36,35.73,0.0207,2.37,0.374,0.2,0.1
"2010-07","Province_E",7,2010,5e+05,15,22.73,31.45,0.02248,1.62,0.398,0.2,0.1
"2010-08","Province_E",8,2010,5e+05,13,19.07,26.36,0.02,2.17,0.371,0.2,0.1
"2010-09","Province_E",9,2010,5e+05,22,15.42,24.75,0.01604,2.81,0.507,0.2,0.1
"2010-10","Province_E",10,2010,5e+05,16,18.73,26.05,0.01441,3.02,0.664,0.2,0.1
"2010-11","Province_E",11,2010,5e+05,10,23.61,33.27,0.01579,3.95,0.886,0.2,0.1
"2010-12","Province_E",12,2010,5e+05,28,25.76,34.61,0.01895,4.6,1.418,0.2,0.1
"2011-01","Province_E",1,2011,502500,46,23.79,31.27,0.0213,5.01,1.028,0.2,0.1
"2011-02","Province_E",2,2011,502500,28,18.49,27.17,0.0211,3.9,0.598,0.2,0.1
"2011-03","Province_E",3,2011,502500,50,16.83,25.62,0.01555,4.78,1.112,0.2,0.1
"2011-04","Province_E",4,2011,502500,24,17.81,28.63,0.01376,3.63,0.328,0.2,0.1
"2011-05","Province_E",5,2011,502500,40,24.3,33.72,0.01759,2.99,0.389,0.2,0.1
"2011-06","Province_E",6,2011,502500,16,26.96,35.35,0.02053,2.39,0.283,0.2,0.1
"2011-07","Province_E",7,2011,502500,10,23.5,32.88,0.02135,2.09,0.559,0.2,0.1
"2011-08","Province_E",8,2011,502500,30,19.86,28.03,0.02135,1.19,-0.063,0.2,0.1
"2011-09","Province_E",9,2011,502500,26,17.01,26.83,0.01625,2.77,0.828,0.2,0.1
"2011-10","Province_E",10,2011,502500,64,18.58,26.53,0.0143,3.48,0.526,0.2,0.1
"2011-11","Province_E",11,2011,502500,28,23.64,32.93,0.01681,3.53,0.535,0.2,0.1
"2011-12","Province_E",12,2011,502500,28,25.57,34.68,0.01999,5.11,0.094,0.2,0.1
"2012-01","Province_E",1,2012,505000,60,22.23,33.6,0.02195,4.41,0.317,0.2,0.1
"2012-02","Province_E",2,2012,505000,30,19.39,29.09,0.02031,4.66,-0.005,0.2,0.1
"2012-03","Province_E",3,2012,505000,18,17.36,23.36,0.01566,3.61,0.098,0.2,0.1
"2012-04","Province_E",4,2012,505000,10,18.49,26.01,0.01359,3.3,-0.513,0.2,0.1
"2012-05","Province_E",5,2012,505000,24,23.34,32.01,0.01694,3.16,-0.59,0.2,0.1
"2012-06","Province_E",6,2012,505000,29,25.07,34.97,0.02072,2.18,-0.338,0.2,0.1
"2012-07","Province_E",7,2012,505000,23,22.66,31.83,0.02206,1.87,-0.894,0.2,0.1
"2012-08","Province_E",8,2012,505000,3,18.35,27.19,0.02101,2.73,-0.057,0.2,0.1
"2012-09","Province_E",9,2012,505000,14,16.94,24.37,0.01435,3.31,-0.622,0.2,0.1
"2012-10","Province_E",10,2012,505000,7,19.12,29.37,0.01243,3.37,-0.532,0.2,0.1
"2012-11","Province_E",11,2012,505000,76,23.15,31.73,0.01586,3.95,-0.683,0.2,0.1
"2012-12","Province_E",12,2012,505000,6,25.61,34.79,0.0198,4.99,-0.271,0.2,0.1
"2013-01","Province_E",1,2013,507500,30,23.7,32.33,0.02301,5.19,-0.95,0.2,0.1
"2013-02","Province_E",2,2013,507500,7,19.6,28.6,0.01959,5.28,-0.831,0.2,0.1
"2013-03","Province_E",3,2013,507500,19,16.83,24.52,0.01451,3.81,-0.732,0.2,0.1
"2013-04","Province_E",4,2013,507500,2,18.92,26.36,0.01422,3.5,-0.795,0.2,0.1
"2013-05","Province_E",5,2013,507500,15,22.97,33.52,0.01509,2.94,-0.67,0.2,0.1
"2013-06","Province_E",6,2013,507500,22,26.37,36.22,0.02092,1.87,-0.77,0.2,0.1
"2013-07","Province_E",7,2013,507500,35,23.16,30.92,0.02054,1.48,-0.302,0.2,0.1
"2013-08","Province_E",8,2013,507500,45,18.16,27.24,0.01798,1.44,-0.538,0.2,0.1
"2013-09","Province_E",9,2013,507500,19,18.16,24.91,0.01581,2.73,-0.415,0.2,0.1
"2013-10","Province_E",10,2013,507500,17,18.5,27.46,0.01327,3.48,-0.295,0.2,0.1
"2013-11","Province_E",11,2013,507500,14,23.86,32.12,0.01794,4.07,-0.485,0.2,0.1
"2013-12","Province_E",12,2013,507500,42,26.75,34.21,0.01907,4.77,0.041,0.2,0.1
"2014-01","Province_E",1,2014,510000,27,24.12,33.47,0.02184,4.39,-0.113,0.2,0.1
"2014-02","Province_E",2,2014,510000,8,18.88,27.21,0.02031,5.11,0.17,0.2,0.1
"2014-03","Province_E",3,2014,510000,17,18.27,24.97,0.01674,4.32,0.235,0.2,0.1
"2014-04","Province_E",4,2014,510000,31,18.76,26.82,0.01352,3.26,0.416,0.2,0.1
"2014-05","Province_E",5,2014,510000,20,22.58,33.34,0.01746,2.58,0.524,0.2,0.1
"2014-06","Province_E",6,2014,510000,30,26.52,34.46,0.01898,2.52,0.576,0.2,0.1
"2014-07","Province_E",7,2014,510000,96,24.3,32.72,0.02287,1.85,0.817,0.2,0.1
"2014-08","Province_E",8,2014,510000,21,19.94,28.42,0.02042,3.05,0.447,0.2,0.1
"2014-09","Province_E",9,2014,510000,40,16.28,24.64,0.01491,3.16,0.565,0.2,0.1
"2014-10","Province_E",10,2014,510000,24,18.92,25.89,0.01394,3.2,0.863,0.2,0.1
"2014-11","Province_E",11,2014,510000,25,25.81,32.54,0.01744,3.82,0.492,0.2,0.1
"2014-12","Province_E",12,2014,510000,58,25.81,33.86,0.01935,5.06,1.145,0.2,0.1
"2015-01","Province_E",1,2015,512500,16,24.54,33.97,0.02134,5,0.737,0.2,0.1
"2015-02","Province_E",2,2015,512500,77,19.17,28.13,0.02107,5.07,0.769,0.2,0.1
"2015-03","Province_E",3,2015,512500,30,16.6,24.83,0.01558,3.86,0.507,0.2,0.1
"2015-04","Province_E",4,2015,512500,10,17.5,27.34,0.01384,3.54,1.054,0.2,0.1
"2015-05","Province_E",5,2015,512500,79,22.84,33.08,0.01686,2.72,0.81,0.2,0.1
"2015-06","Province_E",6,2015,512500,38,24.64,36.22,0.02017,2.59,0.743,0.2,0.1
"2015-07","Province_E",7,2015,512500,28,22.81,32.63,0.02153,2.1,0.421,0.2,0.1
"2015-08","Province_E",8,2015,512500,5,19.72,28.18,0.02149,2.06,0.267,0.2,0.1
"2015-09","Province_E",9,2015,512500,7,17.58,25.1,0.01556,2.63,0.212,0.2,0.1
"2015-10","Province_E",10,2015,512500,70,19.21,28.69,0.01481,3.58,0.818,0.2,0.1
"2015-11","Province_E",11,2015,512500,92,23.19,34.58,0.01663,4,0.182,0.2,0.1
"2015-12","Province_E",12,2015,512500,48,26.38,34.05,0.01957,4.89,0.728,0.2,0.1
"2016-01","Province_E",1,2016,515000,7,22.95,31.4,0.02456,4.44,0.015,0.2,0.1
"2016-02","Province_E",2,2016,515000,17,19.11,25.53,0.01973,4.63,0.058,0.2,0.1
"2016-03","Province_E",3,2016,515000,18,16.84,25.26,0.01428,4.62,-0.437,0.2,0.1
"2016-04","Province_E",4,2016,515000,21,20.63,26.85,0.01382,3.47,0.043,0.2,0.1
"2016-05","Province_E",5,2016,515000,23,24.48,33.5,0.01633,3.23,-0.51,0.2,0.1
"2016-06","Province_E",6,2016,515000,38,25.34,33.21,0.02102,2.21,-0.334,0.2,0.1
"2016-07","Province_E",7,2016,515000,27,24.26,32.68,0.02271,2.39,-0.953,0.2,0.1
"2016-08","Province_E",8,2016,515000,11,18.64,27.87,0.01944,2.33,-0.443,0.2,0.1
"2016-09","Province_E",9,2016,515000,15,16.79,23.69,0.01812,2.52,-0.562,0.2,0.1
"2016-10","Province_E",10,2016,515000,5,19.74,25.55,0.01568,3.84,-1.423,0.2,0.1
"2016-11","Province_E",11,2016,515000,16,21.84,32.75,0.01547,4.62,-1.016,0.2,0.1
"2016-12","Province_E",12,2016,515000,26,26.24,33.63,0.01835,4.41,-1.101,0.2,0.1
"2017-01","Province_E",1,2017,517500,29,23.32,31.5,0.02124,5.1,-0.529,0.2,0.1
"2017-02","Province_E",2,2017,517500,7,18.71,27.01,0.02059,5.4,-0.624,0.2,0.1
"2017-03","Province_E",3,2017,517500,9,15.55,25.54,0.01537,4.32,-1.015,0.2,0.1
"2017-04","Province_E",4,2017,517500,33,19.35,26.24,0.01479,3.77,-0.803,0.2,0.1
"2017-05","Province_E",5,2017,517500,6,23,31.66,0.01499,3.29,-0.459,0.2,0.1
"2017-06","Province_E",6,2017,517500,23,27.34,33.64,0.01875,2.28,-1.116,0.2,0.1
"2017-07","Province_E",7,2017,517500,21,23.98,32.2,0.02262,1.32,-0.557,0.2,0.1
"2017-08","Province_E",8,2017,517500,8,18.49,26.74,0.0201,2.13,-0.402,0.2,0.1
"2017-09","Province_E",9,2017,517500,6,17.35,26.34,0.01566,3.08,-0.272,0.2,0.1
"2017-10","Province_E",10,2017,517500,9,19.3,27.63,0.01386,3.09,-0.627,0.2,0.1
"2017-11","Province_E",11,2017,517500,7,24.64,34.22,0.01561,4.12,-0.405,0.2,0.1
"2017-12","Province_E",12,2017,517500,77,27,34.68,0.01808,4.62,0.028,0.2,0.1
"2018-01","Province_E",1,2018,520000,50,22.93,33.18,0.0206,4.07,0.054,0.2,0.1
"2018-02","Province_E",2,2018,520000,49,19.55,27.38,0.02072,5.12,0.352,0.2,0.1
"2018-03","Province_E",3,2018,520000,25,16.28,24.5,0.01664,3.85,0.499,0.2,0.1
"2018-04","Province_E",4,2018,520000,58,19.39,28.84,0.01673,2.96,0.349,0.2,0.1
"2018-05","Province_E",5,2018,520000,166,24.55,33.71,0.01451,2.46,0.938,0.2,0.1
"2018-06","Province_E",6,2018,520000,40,26.97,34.52,0.01961,1.99,0.533,0.2,0.1
"2018-07","Province_E",7,2018,520000,68,22.92,31.32,0.02196,2.11,0.675,0.2,0.1
"2018-08","Province_E",8,2018,520000,37,18.77,27.67,0.02056,1.58,0.764,0.2,0.1
"2018-09","Province_E",9,2018,520000,26,15.51,26.58,0.01494,2.3,0.351,0.2,0.1
"2018-10","Province_E",10,2018,520000,34,19.8,28.49,0.01422,3.28,0.781,0.2,0.1
"2018-11","Province_E",11,2018,520000,80,24.32,30.6,0.01521,4.27,0.677,0.2,0.1
"2018-12","Province_E",12,2018,520000,24,26.49,33.09,0.02,5.22,0.853,0.2,0.1
"2019-01","Province_E",1,2019,522500,35,23.98,32.66,0.02041,4.79,0.795,0.2,0.1
"2019-02","Province_E",2,2019,522500,27,19.5,28.45,0.0191,4.92,0.671,0.2,0.1
"2019-03","Province_E",3,2019,522500,26,16.66,24.86,0.01524,4.7,0.421,0.2,0.1
"2019-04","Province_E",4,2019,522500,18,18.66,26.97,0.0144,2.39,0.448,0.2,0.1
"2019-05","Province_E",5,2019,522500,17,23.49,33.94,0.01716,2.66,0.056,0.2,0.1
"2019-06","Province_E",6,2019,522500,95,27.85,36.73,0.01911,2.52,0.718,0.2,0.1
"2019-07","Province_E",7,2019,522500,74,23.98,32.62,0.02109,1.93,0.519,0.2,0.1
"2019-08","Province_E",8,2019,522500,13,18.99,27.33,0.01994,2.5,0.679,0.2,0.1
"2019-09","Province_E",9,2019,522500,15,17.25,25.26,0.01564,2.67,0.483,0.2,0.1
"2019-10","Province_E",10,2019,522500,5,18.9,27.2,0.01404,3.84,0.107,0.2,0.1
"2019-11","Province_E",11,2019,522500,48,24.78,31.71,0.01541,4.31,0.032,0.2,0.1
"2019-12","Province_E",12,2019,522500,27,26.68,33.58,0.0195,4.66,-0.286,0.2,0.1
